gender,product_category,total_revenue,total_transactions,total_units_sold,average_order_value,revenue_share_within_gender,preference_rank
Female,Clothing,81275,174,441,467.0977011494253,0.34905943995877,1
Female,Electronics,76735,170,439,451.38235294117646,0.32956107198075935,2
Female,Beauty,74830,166,418,450.7831325301205,0.32137948806047073,3
Male,Electronics,80170,172,410,466.1046511627907,0.35924896934934575,1
Male,Clothing,74305,177,453,419.8022598870057,0.33296737766624845,2
Male,Beauty,68685,141,353,487.1276595744681,0.3077836529844058,3
