gender,total_revenue,total_transactions,average_order_value
Female,232840,510,456.54901960784315
Male,223160,490,455.42857142857144
