product_category,total_revenue,revenue_share
Electronics,156905,0.34408991228070174
Clothing,155580,0.3411842105263158
Beauty,143515,0.31472587719298245
