product_category,total_revenue,total_transactions,average_order_value
Beauty,143515,307,467.4755700325733
Electronics,156905,342,458.7865497076023
Clothing,155580,351,443.2478632478632
