age_group,total_revenue,total_transactions,average_order_value
18-24,74650,149,501.00671140939596
25-34,97090,203,478.2758620689655
35-44,96835,207,467.80193236714973
45-54,97235,225,432.15555555555557
55-64,90190,216,417.5462962962963
